timestamp,task,model,params,metric,cv_mean,cv_std,n_splits,extra,data_source
2026-06-06T07:54:33.535021+00:00,demand,ridge,,MAE,6.85198204695777,0.6196228493402633,5,,synthetic
2026-06-06T07:54:46.216016+00:00,demand,hgbr,,MAE,6.827329056838932,0.6038287730152079,5,,synthetic
2026-06-06T07:54:52.162219+00:00,demand,xgboost,,MAE,7.117979907989502,0.5846898904699773,5,,synthetic
2026-06-06T12:06:21.111913+00:00,churn,logreg,,f1_pos,0.9096182346456368,0.02613045036862531,5,"{""0"": {""precision"": 0.9692, ""recall"": 0.9783, ""f1"": 0.9737}, ""1"": {""precision"": 0.9258, ""recall"": 0.8953, ""f1"": 0.9096}}",synthetic
2026-06-06T12:06:23.562632+00:00,churn,random_forest,,f1_pos,0.9289846017322485,0.02800950041490119,5,"{""0"": {""precision"": 0.9706, ""recall"": 0.9892, ""f1"": 0.9798}, ""1"": {""precision"": 0.9613, ""recall"": 0.8993, ""f1"": 0.929}}",synthetic
2026-06-06T12:06:28.211342+00:00,churn,xgboost,,f1_pos,0.9242574017461236,0.026708933898802127,5,"{""0"": {""precision"": 0.9684, ""recall"": 0.9892, ""f1"": 0.9786}, ""1"": {""precision"": 0.9612, ""recall"": 0.8913, ""f1"": 0.9243}}",synthetic
2026-06-06T12:22:13.100780+00:00,anomaly,zscore,,f1,0.9636184857423796,0.003343582598855528,5,"{""precision"": 0.933, ""recall"": 0.9963}",synthetic
2026-06-06T12:22:13.253400+00:00,anomaly,iqr,,f1,0.9081799163179916,0.0026529198433858114,5,"{""precision"": 0.8331, ""recall"": 0.9982}",synthetic
2026-06-06T12:22:13.578214+00:00,anomaly,isolation_forest,,f1,0.30354447215475056,0.001543013274697516,5,"{""precision"": 0.1789, ""recall"": 1.0}",synthetic
